id,position
1,Midfielders
2,Forwards
3,Defenders
4,Forwards
5,Goalkeepers
6,Defenders
7,Midfielders
8,Defenders
9,Midfielders
10,Midfielders
11,Forwards
12,Midfielders
13,Midfielders
14,Goalkeepers
15,Goalkeepers
16,Midfielders
17,Midfielders
18,Defenders
19,Midfielders
20,Midfielders
21,Defenders
22,Defenders
23,Midfielders
24,Defenders
25,Defenders
26,Defenders
27,Forwards
28,Midfielders
29,Midfielders
30,Midfielders
31,Midfielders
32,Defenders
33,Midfielders
34,Midfielders
35,Defenders
36,Defenders
37,Midfielders
38,Forwards
39,Goalkeepers
40,Defenders
41,Midfielders
42,Midfielders
43,Defenders
44,Defenders
45,Defenders
46,Goalkeepers
47,Goalkeepers
48,Midfielders
49,Defenders
50,Defenders
51,Goalkeepers
52,Defenders
53,Midfielders
54,Midfielders
55,Goalkeepers
56,Defenders
57,Midfielders
58,Forwards
59,Defenders
60,Midfielders
61,Midfielders
62,Midfielders
63,Midfielders
64,Midfielders
65,Forwards
66,Midfielders
67,Midfielders
68,Defenders
69,Forwards
70,Defenders
71,Midfielders
72,Defenders
73,Goalkeepers
74,Midfielders
75,Goalkeepers
76,Midfielders
77,Midfielders
78,Midfielders
79,Defenders
80,Midfielders
81,Defenders
82,Forwards
83,Midfielders
84,Goalkeepers
85,Defenders
86,Defenders
87,Midfielders
88,Defenders
89,Midfielders
90,Midfielders
91,Goalkeepers
92,Defenders
93,Defenders
94,Midfielders
95,Midfielders
96,Defenders
97,Midfielders
98,Midfielders
99,Midfielders
100,Defenders
101,Midfielders
102,Midfielders
103,Midfielders
104,Defenders
105,Defenders
106,Midfielders
107,Forwards
108,Forwards
109,Goalkeepers
110,Forwards
111,Midfielders
112,Defenders
113,Midfielders
114,Midfielders
115,Midfielders
116,Defenders
117,Midfielders
118,Midfielders
119,Midfielders
120,Defenders
121,Midfielders
122,Defenders
123,Forwards
124,Midfielders
125,Midfielders
126,Midfielders
127,Midfielders
128,Defenders
129,Forwards
130,Midfielders
131,Defenders
132,Midfielders
133,Midfielders
134,Midfielders
135,Midfielders
136,Midfielders
137,Midfielders
138,Forwards
139,Defenders
140,Midfielders
141,Midfielders
142,Goalkeepers
143,Forwards
144,Defenders
145,Defenders
146,Goalkeepers
147,Defenders
148,Forwards
149,Midfielders
150,Midfielders
151,Midfielders
152,Goalkeepers
153,Defenders
154,Goalkeepers
155,Goalkeepers
156,Forwards
157,Midfielders
158,Midfielders
159,Defenders
160,Defenders
161,Midfielders
162,Defenders
163,Defenders
164,Forwards
165,Forwards
166,Midfielders
167,Defenders
168,Midfielders
169,Midfielders
170,Defenders
171,Defenders
172,Defenders
173,Midfielders
174,Midfielders
175,Forwards
176,Defenders
177,Midfielders
178,Forwards
179,Midfielders
180,Forwards
181,Midfielders
182,Midfielders
183,Goalkeepers
184,Midfielders
185,Goalkeepers
186,Midfielders
187,Defenders
188,Midfielders
189,Defenders
190,Midfielders
191,Defenders
192,Midfielders
193,Midfielders
194,Defenders
195,Defenders
196,Defenders
197,Midfielders
198,Forwards
199,Midfielders
200,Defenders
201,Goalkeepers
202,Defenders
203,Midfielders
204,Goalkeepers
205,Midfielders
206,Midfielders
207,Forwards
208,Midfielders
209,Goalkeepers
210,Defenders
211,Defenders
212,Midfielders
213,Midfielders
214,Midfielders
215,Defenders
216,Midfielders
217,Midfielders
218,Forwards
219,Defenders
220,Forwards
221,Defenders
222,Midfielders
223,Midfielders
224,Midfielders
225,Defenders
226,Midfielders
227,Goalkeepers
228,Defenders
229,Forwards
230,Midfielders
231,Defenders
232,Forwards
233,Midfielders
234,Defenders
235,Goalkeepers
236,Defenders
237,Forwards
238,Defenders
239,Midfielders
240,Midfielders
241,Defenders
242,Goalkeepers
243,Midfielders
244,Defenders
245,Defenders
246,Midfielders
247,Midfielders
248,Goalkeepers
249,Midfielders
250,Defenders
251,Forwards
252,Forwards
253,Defenders
254,Midfielders
255,Defenders
256,Forwards
257,Defenders
258,Forwards
259,Midfielders
260,Forwards
261,Defenders
262,Midfielders
263,Defenders
264,Midfielders
265,Midfielders
266,Defenders
267,Defenders
268,Forwards
269,Defenders
270,Defenders
271,Midfielders
272,Forwards
273,Midfielders
274,Midfielders
275,Defenders
276,Forwards
277,Midfielders
278,Midfielders
279,Defenders
280,Goalkeepers
281,Midfielders
282,Defenders
283,Goalkeepers
284,Defenders
285,Midfielders
286,Forwards
287,Midfielders
288,Defenders
289,Forwards
290,Midfielders
291,Defenders
292,Midfielders
293,Goalkeepers
294,Goalkeepers
295,Defenders
296,Defenders
297,Midfielders
298,Midfielders
299,Midfielders
300,Midfielders
301,Defenders
302,Defenders
303,Defenders
304,Goalkeepers
305,Defenders
306,Forwards
307,Defenders
308,Goalkeepers
309,Midfielders
310,Goalkeepers
311,Defenders
312,Midfielders
313,Defenders
314,Midfielders
315,Midfielders
316,Forwards
317,Midfielders
318,Midfielders
319,Midfielders
320,Midfielders
321,Forwards
322,Defenders
323,Midfielders
324,Midfielders
325,Goalkeepers
326,Defenders
327,Midfielders
328,Midfielders
329,Midfielders
330,Midfielders
331,Midfielders
332,Defenders
333,Defenders
334,Defenders
335,Defenders
336,Midfielders
337,Defenders
338,Defenders
339,Defenders
340,Defenders
341,Defenders
342,Midfielders
343,Midfielders
344,Goalkeepers
345,Midfielders
346,Midfielders
347,Goalkeepers
348,Midfielders
349,Midfielders
350,Defenders
351,Forwards
352,Forwards
353,Defenders
354,Midfielders
355,Defenders
356,Midfielders
357,Midfielders
358,Goalkeepers
359,Midfielders
360,Midfielders
361,Defenders
362,Defenders
363,Defenders
364,Midfielders
365,Midfielders
366,Midfielders
367,Goalkeepers
368,Midfielders
369,Defenders
370,Midfielders
371,Defenders
372,Midfielders
373,Midfielders
374,Goalkeepers
375,Forwards
376,Defenders
377,Defenders
378,Midfielders
379,Defenders
380,Defenders
381,Midfielders
382,Midfielders
383,Goalkeepers
384,Midfielders
385,Midfielders
386,Midfielders
387,Defenders
388,Defenders
389,Forwards
390,Defenders
391,Midfielders
392,Midfielders
393,Defenders
394,Midfielders
395,Defenders
396,Goalkeepers
397,Midfielders
398,Midfielders
399,Defenders
400,Midfielders
401,Forwards
402,Midfielders
403,Midfielders
404,Defenders
405,Defenders
406,Midfielders
407,Defenders
408,Defenders
409,Defenders
410,Midfielders
411,Midfielders
412,Goalkeepers
413,Goalkeepers
414,Goalkeepers
415,Defenders
416,Defenders
417,Midfielders
418,Defenders
419,Midfielders
420,Midfielders
421,Forwards
422,Defenders
423,Midfielders
424,Forwards
425,Defenders
426,Midfielders
427,Goalkeepers
428,Midfielders
429,Midfielders
430,Forwards
431,Midfielders
432,Midfielders
433,Midfielders
434,Midfielders
435,Midfielders
436,Defenders
437,Defenders
438,Defenders
439,Midfielders
440,Defenders
441,Defenders
442,Midfielders
443,Goalkeepers
444,Defenders
445,Goalkeepers
446,Forwards
447,Forwards
448,Defenders
449,Midfielders
450,Midfielders
451,Midfielders
452,Midfielders
453,Forwards
454,Goalkeepers
455,Defenders
456,Defenders
457,Defenders
458,Midfielders
459,Midfielders
460,Defenders
461,Defenders
462,Midfielders
463,Midfielders
464,Defenders
465,Goalkeepers
466,Goalkeepers
467,Defenders
468,Forwards
469,Goalkeepers
470,Forwards
471,Midfielders
472,Defenders
473,Forwards
474,Defenders
475,Defenders
476,Defenders
477,Defenders
478,Defenders
479,Goalkeepers
480,Midfielders
481,Midfielders
482,Midfielders
483,Midfielders
484,Defenders
485,Midfielders
486,Defenders
487,Defenders
488,Goalkeepers
489,Midfielders
490,Midfielders
491,Midfielders
492,Midfielders
493,Midfielders
494,Midfielders
495,Defenders
496,Defenders
497,Forwards
498,Defenders
499,Midfielders
500,Forwards
501,Midfielders
502,Midfielders
503,Midfielders
504,Defenders
505,Defenders
506,Defenders
507,Forwards
508,Goalkeepers
509,Midfielders
510,Goalkeepers
511,Midfielders
512,Forwards
513,Goalkeepers
514,Midfielders
515,Midfielders
516,Defenders
517,Defenders
518,Midfielders
519,Midfielders
520,Defenders
521,Goalkeepers
522,Goalkeepers
523,Forwards
524,Defenders
525,Midfielders
526,Midfielders
527,Midfielders
528,Defenders
529,Defenders
530,Midfielders
531,Midfielders
532,Defenders
533,Defenders
534,Midfielders
535,Midfielders
536,Goalkeepers
537,Midfielders
538,Midfielders
539,Forwards
540,Midfielders
541,Forwards
542,Defenders
543,Defenders
544,Midfielders
545,Forwards
546,Forwards
547,Midfielders
548,Midfielders
549,Defenders
550,Midfielders
551,Midfielders
552,Defenders
553,Midfielders
554,Goalkeepers
555,Forwards
556,Goalkeepers
557,Midfielders
558,Defenders
559,Defenders
560,Midfielders
561,Defenders
562,Midfielders
563,Midfielders
564,Defenders
565,Midfielders
566,Forwards
567,Defenders
568,Goalkeepers
569,Midfielders
570,Midfielders
571,Midfielders
572,Defenders
573,Defenders
574,Defenders
575,Defenders
576,Midfielders
577,Midfielders
578,Defenders
579,Defenders
580,Defenders
581,Goalkeepers
582,Defenders
583,Defenders
584,Midfielders
585,Midfielders
586,Defenders
587,Midfielders
588,Midfielders
589,Forwards
590,Forwards
591,Defenders
592,Defenders
593,Defenders
594,Defenders
595,Midfielders
596,Midfielders
597,Midfielders
598,Defenders
599,Goalkeepers
600,Midfielders
601,Midfielders
602,Midfielders
603,Midfielders
604,Midfielders
605,Midfielders
606,Midfielders
607,Midfielders
608,Midfielders
609,Forwards
610,Midfielders
611,Midfielders
612,Midfielders
613,Midfielders
614,Midfielders
615,Goalkeepers
616,Defenders
617,Forwards
618,Midfielders
619,Midfielders
620,Midfielders
621,Midfielders
622,Midfielders
623,Midfielders
624,Goalkeepers
625,Midfielders
626,Defenders
627,Defenders
628,Defenders
629,Midfielders
630,Defenders
631,Midfielders
632,Midfielders
633,Midfielders
634,Midfielders
635,Midfielders
636,Midfielders
637,Defenders
638,Midfielders
639,Goalkeepers
640,Defenders
641,Goalkeepers
642,Midfielders
643,Defenders
644,Midfielders
645,Midfielders
646,Midfielders
647,Midfielders
648,Forwards
649,Defenders
650,Defenders
651,Midfielders
652,Midfielders
653,Defenders
654,Midfielders
655,Midfielders
656,Midfielders
657,Defenders
658,Defenders
659,Midfielders
660,Goalkeepers
661,Midfielders
662,Defenders
663,Defenders
664,Defenders
665,Forwards
666,Defenders
667,Midfielders
668,Goalkeepers
669,Goalkeepers
670,Defenders
671,Midfielders
672,Defenders
673,Midfielders
674,Midfielders
675,Defenders
676,Forwards
677,Defenders
678,Midfielders
679,Midfielders
680,Defenders
681,Defenders
682,Midfielders
683,Midfielders
684,Defenders
685,Defenders
686,Defenders
687,Midfielders
688,Midfielders
689,Midfielders
690,Defenders
691,Defenders
692,Defenders
693,Midfielders
694,Midfielders
695,Midfielders
696,Midfielders
697,Defenders
698,Forwards
699,Defenders
700,Defenders
701,Midfielders
702,Defenders
703,Defenders
704,Goalkeepers
705,Defenders
706,Defenders
707,Forwards
708,Defenders
709,Forwards
710,Midfielders
711,Defenders
712,Defenders
713,Defenders
714,Midfielders
715,Defenders
716,Goalkeepers
717,Midfielders
718,Defenders
719,Defenders
720,Defenders
721,Goalkeepers
722,Forwards
723,Midfielders
724,Forwards
725,Midfielders
726,Defenders
727,Goalkeepers
728,Midfielders
729,Midfielders
730,Midfielders
731,Defenders
732,Defenders
733,Defenders
734,Midfielders
735,Managers
736,Managers
737,Managers
738,Managers
739,Managers
740,Managers
741,Managers
742,Managers
743,Managers
744,Managers
745,Managers
746,Managers
747,Managers
748,Managers
749,Managers
750,Managers
751,Managers
752,Managers
753,Managers
754,Managers
755,Forwards
756,Goalkeepers
757,Defenders
758,Midfielders
759,Goalkeepers
760,Defenders
761,Goalkeepers
762,Midfielders
763,Defenders
764,Goalkeepers
765,Midfielders
766,Defenders
767,Defenders
768,Midfielders
769,Defenders
770,Midfielders